iceberg_id,lat,lon,area_km2,length_km,width_km,velocity_ms,heading_deg,date,source
R21S,-74.0867,97.3465,2357.1,63.7,37.0,0.086,266.6,2026-09-10,mock
W79N,-63.9822,-42.2891,2314.3,80.9,28.6,0.246,257.8,2026-09-10,mock
I29G,-62.3079,-0.9543,4542.6,121.8,37.3,0.106,152.1,2026-09-10,mock
X68R,-76.4341,-92.4176,1838.5,80.5,22.8,0.261,290.6,2026-09-10,mock
S34W,-58.7688,-58.844,3432.1,109.2,31.4,0.266,310.2,2026-09-10,mock
I68U,-68.0418,-63.3631,2512.9,63.4,39.7,0.131,36.4,2026-09-10,mock
T91F,-59.9517,148.4054,2233.3,66.8,33.4,0.378,233.3,2026-09-10,mock
V51Y,-62.4087,-80.5979,2828.1,105.9,26.7,0.274,200.5,2026-09-10,mock
S50G,-78.0,-70.5459,4317.7,99.9,43.2,0.073,328.7,2026-09-10,mock
R43X,-70.2077,101.6405,3750.0,80.5,46.6,0.099,268.2,2026-09-10,mock
Y16D,-58.6157,-42.794,2767.0,105.1,26.3,0.098,177.7,2026-09-10,mock
Q42R,-66.8255,-1.5376,2977.6,68.3,43.6,0.184,358.6,2026-09-10,mock
K24J,-55.0,157.7085,1900.9,83.2,22.9,0.313,276.7,2026-09-10,mock
Q23U,-62.7184,-45.0026,4027.3,112.7,35.7,0.39,274.3,2026-09-10,mock
Q10T,-63.0833,40.4299,2196.2,70.3,31.3,0.107,343.3,2026-09-10,mock
H82C,-69.4139,83.956,2770.4,104.7,26.5,0.332,86.2,2026-09-10,mock
R31I,-61.1809,-45.7193,4922.9,114.1,43.1,0.094,237.5,2026-09-10,mock
J61V,-60.9757,-72.8059,2241.3,77.2,29.0,0.305,72.4,2026-09-10,mock
R39S,-71.4658,102.0884,3080.2,77.6,39.7,0.072,7.6,2026-09-10,mock
Q40I,-66.7281,11.9352,1706.1,51.8,32.9,0.061,119.0,2026-09-10,mock
P62G,-70.3459,91.277,4031.7,121.0,33.3,0.252,87.5,2026-09-10,mock
U22B,-67.5307,-57.2685,2982.5,85.9,34.7,0.305,242.4,2026-09-10,mock
F45O,-57.0179,-21.0822,1882.4,58.7,32.1,0.238,50.5,2026-09-10,mock
R11C,-58.0551,-7.0385,4328.1,124.0,34.9,0.084,234.8,2026-09-10,mock
F58A,-63.2643,-128.3086,2922.4,85.7,34.1,0.353,324.9,2026-09-10,mock
R94W,-61.648,-21.5779,3092.5,85.6,36.1,0.385,358.4,2026-09-10,mock
B16S,-75.852,54.7012,4890.5,116.3,42.0,0.24,269.3,2026-09-10,mock
T18V,-72.3715,71.3816,2051.0,89.2,23.0,0.078,66.9,2026-09-10,mock
N94S,-61.248,140.8966,4616.0,94.9,48.6,0.258,223.0,2026-09-10,mock
V92J,-57.6722,-32.2588,2214.9,83.4,26.5,0.134,142.5,2026-09-10,mock
C78G,-74.2382,68.3559,1753.9,65.6,26.7,0.399,358.6,2026-09-10,mock
R48T,-67.048,-57.5022,4583.0,128.9,35.6,0.179,56.8,2026-09-10,mock
E43D,-73.2602,-94.9653,4359.9,95.0,45.9,0.282,338.0,2026-09-10,mock
U43Q,-69.7296,-118.8033,2453.2,83.4,29.4,0.301,73.3,2026-09-10,mock
K26U,-74.8888,73.0448,1677.8,69.9,24.0,0.34,15.9,2026-09-10,mock
W29R,-69.8842,38.4551,3969.8,103.9,38.2,0.089,340.2,2026-09-10,mock
Z15L,-71.854,-22.6247,2018.3,58.5,34.5,0.158,323.6,2026-09-10,mock
X29H,-59.9793,10.708,2737.9,86.2,31.8,0.356,350.6,2026-09-10,mock
Z62Z,-61.975,161.2966,2119.7,70.4,30.1,0.113,332.8,2026-09-10,mock
P38G,-66.5594,99.4225,2433.8,90.3,27.0,0.088,314.0,2026-09-10,mock
M52I,-55.0,147.7898,4371.9,125.4,34.9,0.128,237.6,2026-09-10,mock
K13D,-62.9058,160.4998,2729.0,84.0,32.5,0.288,303.7,2026-09-10,mock
X50N,-61.096,-130.043,4868.9,98.6,49.4,0.088,156.4,2026-09-10,mock
Q78V,-55.0,-56.8306,4648.3,92.2,50.4,0.066,157.0,2026-09-10,mock
T50V,-56.6974,27.5111,2189.6,72.3,30.3,0.382,331.5,2026-09-10,mock
R26G,-62.3537,164.3014,3274.9,99.2,33.0,0.164,251.0,2026-09-10,mock
A48J,-57.6507,-33.7256,4118.5,85.9,47.9,0.249,146.2,2026-09-10,mock
P31V,-62.5011,8.0995,3791.5,96.8,39.2,0.205,76.9,2026-09-10,mock
J38Z,-65.6621,-50.2844,3667.4,77.2,47.5,0.383,84.6,2026-09-10,mock
U83G,-65.3265,-7.9136,4943.8,118.8,41.6,0.319,163.9,2026-09-10,mock
Y23Y,-59.1365,20.2313,2353.9,83.7,28.1,0.052,270.3,2026-09-10,mock
D68E,-62.1116,-20.9767,1046.9,50.9,20.6,0.245,330.3,2026-09-10,mock
X74N,-75.1536,-79.266,842.8,42.2,20.0,0.314,159.3,2026-09-10,mock
U45Y,-55.0,150.6774,247.1,29.7,8.3,0.208,270.6,2026-09-10,mock
K79C,-74.587,-76.3975,419.2,25.8,16.2,0.15,97.8,2026-09-10,mock
O63B,-71.5917,-13.8089,237.7,21.1,11.2,0.195,119.1,2026-09-10,mock
S58P,-58.4711,2.3843,1157.0,66.6,17.4,0.057,317.0,2026-09-10,mock
X79Z,-70.7726,-31.1416,591.1,46.5,12.7,0.343,193.8,2026-09-10,mock
Z61X,-55.0,-45.6531,416.7,32.4,12.9,0.186,240.8,2026-09-10,mock
V13C,-64.6949,2.2862,1471.3,62.4,23.6,0.367,213.1,2026-09-10,mock
K58I,-70.9139,101.1055,280.8,23.6,11.9,0.165,163.7,2026-09-10,mock
L38U,-70.288,-82.5531,1254.0,55.8,22.5,0.312,18.8,2026-09-10,mock
E40E,-60.6877,-50.6474,1133.8,66.0,17.2,0.12,7.3,2026-09-10,mock
T24Y,-70.7054,62.7191,334.8,32.2,10.4,0.318,60.4,2026-09-10,mock
M60W,-61.9623,146.6312,872.2,57.4,15.2,0.252,326.9,2026-09-10,mock
T25Z,-66.04,11.4184,944.6,39.4,24.0,0.32,306.1,2026-09-10,mock
N72D,-55.0736,-49.8839,648.3,38.1,17.0,0.227,122.8,2026-09-10,mock
U44T,-55.0,-26.0324,1244.8,62.3,20.0,0.202,264.2,2026-09-10,mock
H21I,-70.6038,-71.9608,702.7,49.3,14.2,0.257,116.0,2026-09-10,mock
K33P,-66.292,-112.8857,859.1,50.8,16.9,0.168,178.0,2026-09-10,mock
Q34C,-63.2518,-1.5494,426.7,34.6,12.3,0.358,200.1,2026-09-10,mock
Z12C,-59.5993,5.3573,1139.7,59.2,19.3,0.276,176.7,2026-09-10,mock
N80K,-69.284,45.9536,466.2,36.0,13.0,0.216,191.1,2026-09-10,mock
R98F,-67.2715,88.7275,384.6,25.4,15.1,0.117,43.0,2026-09-10,mock
D34J,-64.6362,5.226,1089.6,65.4,16.7,0.234,101.9,2026-09-10,mock
J99E,-63.1912,-0.232,1064.9,42.5,25.1,0.066,19.6,2026-09-10,mock
F16I,-66.5154,89.8264,1310.4,60.1,21.8,0.214,158.6,2026-09-10,mock
E82J,-58.8227,161.9635,607.1,31.0,19.6,0.27,19.3,2026-09-10,mock
Q58O,-58.5608,-66.6465,1149.0,57.1,20.1,0.327,81.2,2026-09-10,mock
X22Y,-66.3728,-109.595,1485.1,55.7,26.7,0.267,219.5,2026-09-10,mock
N67W,-60.5448,-1.3606,131.0,15.9,8.2,0.243,56.4,2026-09-10,mock
H43Z,-58.2009,-59.3208,439.3,29.9,14.7,0.351,25.6,2026-09-10,mock
I28C,-73.5494,-75.3645,1401.2,57.6,24.3,0.241,233.1,2026-09-10,mock
W48W,-78.0,-30.8716,1125.9,55.5,20.3,0.151,44.8,2026-09-10,mock
K87I,-55.0,-30.0858,745.8,34.5,21.6,0.064,155.5,2026-09-10,mock
V44S,-78.0,-11.2427,1255.6,58.8,21.3,0.383,359.8,2026-09-10,mock
N91P,-72.5689,-34.8443,783.3,43.5,18.0,0.147,358.9,2026-09-10,mock
P46V,-63.7999,-57.9496,488.4,28.4,17.2,0.106,148.2,2026-09-10,mock
M75A,-56.1643,-28.5971,687.7,38.1,18.1,0.163,349.3,2026-09-10,mock
O16G,-66.5063,88.9593,90.8,15.4,5.9,0.268,179.5,2026-09-10,mock
T40W,-66.0078,53.0302,662.8,45.3,14.6,0.092,350.3,2026-09-10,mock
D92E,-69.9925,-24.8898,617.9,34.3,18.0,0.344,40.8,2026-09-10,mock
O80E,-68.0735,54.5558,1061.1,49.9,21.3,0.219,170.0,2026-09-10,mock
N53Z,-62.3939,-27.1187,1122.0,43.9,25.6,0.074,278.2,2026-09-10,mock
E67R,-67.0283,-85.423,1091.8,61.8,17.7,0.253,237.6,2026-09-10,mock
W40S,-73.9488,62.3575,819.7,44.8,18.3,0.163,67.9,2026-09-10,mock
M94Z,-61.9644,-21.8337,75.0,15.6,4.8,0.297,292.1,2026-09-10,mock
D66D,-57.0798,141.8632,1447.6,49.5,29.2,0.388,119.5,2026-09-10,mock
Z43K,-60.5956,-85.0396,224.8,28.4,7.9,0.389,26.9,2026-09-10,mock
K90W,-55.973,-40.8049,1279.1,67.3,19.0,0.351,136.8,2026-09-10,mock
H21N,-63.206,-109.2285,63.5,10.0,6.4,0.271,331.5,2026-09-10,mock
K17J,-60.8963,-49.0833,159.8,16.8,9.5,0.155,10.4,2026-09-10,mock
C88M,-70.5516,84.9671,801.4,46.8,17.1,0.327,61.2,2026-09-10,mock
V11Z,-56.0687,-45.37,878.9,41.1,21.4,0.273,165.4,2026-09-10,mock
U64W,-68.3879,66.1283,245.4,24.3,10.1,0.171,211.5,2026-09-10,mock
L83J,-66.9316,34.2637,1499.1,72.9,20.6,0.087,137.3,2026-09-10,mock
X16T,-63.1477,34.7383,990.8,44.7,22.2,0.248,246.9,2026-09-10,mock
U34T,-61.1327,32.5247,436.4,38.4,11.4,0.262,126.8,2026-09-10,mock
U15J,-64.7224,46.8279,992.2,58.9,16.8,0.27,325.2,2026-09-10,mock
F35E,-75.3918,-77.8128,1101.2,42.2,26.1,0.153,269.1,2026-09-10,mock
P47X,-74.4059,-66.0553,801.0,54.6,14.7,0.341,92.5,2026-09-10,mock
X96M,-60.2128,140.7551,1444.7,49.9,29.0,0.388,309.7,2026-09-10,mock
V96I,-55.5541,148.2733,1188.1,41.7,28.5,0.238,163.7,2026-09-10,mock
R51T,-59.0897,-41.1435,563.5,41.3,13.6,0.215,223.0,2026-09-10,mock
B14J,-60.3235,9.7621,701.8,46.6,15.0,0.277,42.0,2026-09-10,mock
W79N,-76.2388,52.844,810.9,43.0,18.8,0.18,341.8,2026-09-10,mock
I14W,-55.4773,-55.6643,628.2,32.1,19.6,0.221,146.9,2026-09-10,mock
U55B,-72.1273,93.9409,361.8,28.3,12.8,0.393,132.2,2026-09-10,mock
U86A,-61.5412,-16.0538,1424.0,70.2,20.3,0.082,76.4,2026-09-10,mock
G85G,-72.3321,-32.7929,197.6,23.2,8.5,0.074,275.5,2026-09-10,mock
E26R,-55.0,147.1568,229.9,29.1,7.9,0.051,309.0,2026-09-10,mock
S51A,-63.5149,28.4978,1301.0,47.1,27.6,0.175,283.8,2026-09-10,mock
L75S,-70.4463,-21.4972,637.2,32.6,19.6,0.072,161.4,2026-09-10,mock
J68U,-63.9799,-63.5535,926.5,54.2,17.1,0.368,237.2,2026-09-10,mock
C20K,-78.0,-25.7305,608.4,43.1,14.1,0.222,327.5,2026-09-10,mock
T77J,-61.4167,-56.5143,940.2,51.2,18.4,0.299,137.1,2026-09-10,mock
R37N,-72.3445,58.706,1191.7,44.6,26.7,0.279,316.0,2026-09-10,mock
K95I,-68.5191,58.2144,1242.9,53.6,23.2,0.305,112.5,2026-09-10,mock
X57Z,-64.7641,101.2046,716.7,34.1,21.0,0.08,155.5,2026-09-10,mock
V64X,-67.5363,-7.706,846.8,42.6,19.9,0.093,127.3,2026-09-10,mock
H23L,-70.516,-22.0877,534.0,38.4,13.9,0.124,236.4,2026-09-10,mock
Y89T,-58.0373,140.7466,425.1,28.5,14.9,0.2,201.9,2026-09-10,mock
W49K,-68.773,75.8876,1394.3,69.6,20.0,0.144,64.9,2026-09-10,mock
A21X,-74.2389,106.6959,853.8,44.4,19.2,0.1,227.9,2026-09-10,mock
S86C,-67.5487,-72.905,517.9,34.0,15.2,0.303,279.7,2026-09-10,mock
P87O,-70.2739,-130.6777,930.6,53.1,17.5,0.145,238.3,2026-09-10,mock
P77V,-61.5683,-22.4517,179.6,20.7,8.7,0.149,244.3,2026-09-10,mock
E42J,-71.0458,37.0579,903.0,36.2,24.9,0.155,76.0,2026-09-10,mock
R95Z,-73.1002,95.5216,651.7,33.3,19.6,0.236,82.8,2026-09-10,mock
S64S,-73.5792,106.4529,73.0,10.4,7.0,0.372,310.4,2026-09-10,mock
T68W,-57.205,-32.5692,181.6,16.4,11.1,0.164,288.5,2026-09-10,mock
J53H,-67.1815,-122.2986,167.7,20.1,8.4,0.19,28.3,2026-09-10,mock
L92E,-66.5088,82.8914,953.5,50.2,19.0,0.118,279.4,2026-09-10,mock
Y90P,-65.772,-1.621,268.5,21.7,12.4,0.316,27.1,2026-09-10,mock
T51U,-69.8555,68.5963,678.9,50.5,13.4,0.248,228.7,2026-09-10,mock
Q19J,-72.7904,82.6486,668.9,37.3,17.9,0.146,20.2,2026-09-10,mock
T86Q,-72.8809,47.5067,1249.2,44.6,28.0,0.352,307.9,2026-09-10,mock
U34K,-59.6729,-28.4705,1189.8,66.1,18.0,0.207,291.5,2026-09-10,mock
W20Q,-58.1437,-55.7742,102.2,13.0,7.9,0.365,123.6,2026-09-10,mock
L46M,-73.4744,82.5323,662.3,39.9,16.6,0.233,57.1,2026-09-10,mock
R96M,-56.5554,-24.7331,88.0,16.0,5.5,0.167,118.7,2026-09-10,mock
V28L,-68.98,50.747,1447.0,64.0,22.6,0.103,29.3,2026-09-10,mock
M92Z,-61.823,46.1544,594.0,40.8,14.5,0.378,111.4,2026-09-10,mock
U95N,-66.1682,100.7035,1245.1,63.2,19.7,0.29,189.5,2026-09-10,mock
H27E,-66.0817,-74.6221,278.6,22.9,12.2,0.382,175.1,2026-09-10,mock
V53Y,-65.5421,-46.5564,766.5,45.2,17.0,0.309,189.6,2026-09-10,mock
F66B,-61.5895,-48.9984,251.7,29.6,8.5,0.32,291.3,2026-09-10,mock
H78H,-60.657,-23.5124,1454.7,64.4,22.6,0.313,282.2,2026-09-10,mock
O69Y,-61.844,48.7311,1356.9,49.9,27.2,0.287,205.4,2026-09-10,mock
I16U,-63.7188,40.2872,633.8,33.5,18.9,0.12,217.7,2026-09-10,mock
Y30I,-68.6588,62.4362,162.9,23.9,6.8,0.348,102.6,2026-09-10,mock
L13N,-68.3469,50.2205,661.8,50.3,13.1,0.128,162.4,2026-09-10,mock
D93K,-76.2355,-28.8812,585.4,30.6,19.1,0.129,114.7,2026-09-10,mock
P67T,-78.0,-94.0509,1376.9,58.6,23.5,0.341,273.2,2026-09-10,mock
N24Y,-71.1414,-39.5299,331.3,24.0,13.8,0.379,219.2,2026-09-10,mock
P86R,-69.1236,28.8555,365.3,32.7,11.2,0.268,22.6,2026-09-10,mock
S63F,-73.8805,-22.8486,1080.6,47.1,22.9,0.051,127.0,2026-09-10,mock
Q80A,-68.5179,90.8045,547.3,45.9,11.9,0.24,283.1,2026-09-10,mock
C54H,-55.5667,-43.794,586.5,36.3,16.2,0.312,128.6,2026-09-10,mock
K92F,-59.529,8.5099,877.0,53.5,16.4,0.097,126.8,2026-09-10,mock
Y68B,-55.8086,151.2387,1046.1,55.2,19.0,0.334,22.7,2026-09-10,mock
R70I,-69.4841,48.9333,1329.8,53.0,25.1,0.159,143.4,2026-09-10,mock
D57N,-72.6671,-34.3669,541.9,42.5,12.8,0.353,119.5,2026-09-10,mock
L76I,-66.7998,-122.2079,1435.2,55.7,25.7,0.115,249.1,2026-09-10,mock
D20K,-78.0,-82.465,651.6,51.0,12.8,0.113,105.8,2026-09-10,mock
X55T,-72.2436,88.4775,1079.3,43.8,24.6,0.205,161.0,2026-09-10,mock
Z96F,-61.5544,-15.6992,1422.4,47.5,29.9,0.273,130.8,2026-09-10,mock
L56M,-78.0,-21.8728,1174.2,42.1,27.9,0.074,280.3,2026-09-10,mock
E77L,-62.5761,-55.6969,680.4,39.0,17.4,0.205,27.7,2026-09-10,mock
R25I,-61.1561,-36.7393,1441.2,46.3,31.1,0.115,186.4,2026-09-10,mock
D27C,-77.1971,-81.8118,1494.6,55.2,27.1,0.371,176.8,2026-09-10,mock
V54W,-75.6734,67.2011,1495.9,71.5,20.9,0.389,355.2,2026-09-10,mock
F56Q,-63.0,-61.4891,456.9,28.3,16.1,0.298,252.1,2026-09-10,mock
L69Z,-65.5864,-3.2706,216.9,27.0,8.0,0.059,199.4,2026-09-10,mock
N62S,-68.4023,-58.9726,108.0,15.8,6.8,0.301,172.3,2026-09-10,mock
Y80U,-67.2467,-60.6892,120.5,17.3,7.0,0.231,46.2,2026-09-10,mock
E48F,-61.0804,-31.3121,654.6,49.3,13.3,0.069,44.7,2026-09-10,mock
I35U,-69.8734,-4.02,525.6,44.8,11.7,0.363,304.5,2026-09-10,mock
S29F,-66.9555,-66.7493,925.5,38.8,23.9,0.274,213.1,2026-09-10,mock
C15U,-68.9552,102.16,513.1,43.9,11.7,0.064,311.0,2026-09-10,mock
U79J,-74.0323,-75.6661,1152.8,52.1,22.1,0.274,179.3,2026-09-10,mock
B30O,-65.6335,89.5883,1209.0,60.8,19.9,0.154,26.3,2026-09-10,mock
L61E,-59.4575,-38.9793,913.9,43.8,20.8,0.301,264.3,2026-09-10,mock
D16J,-76.0946,-78.3505,485.5,34.7,14.0,0.144,89.3,2026-09-10,mock
X50G,-55.6584,-32.556,1444.4,73.0,19.8,0.335,336.2,2026-09-10,mock
M74O,-78.0,-65.3209,705.6,50.6,14.0,0.224,32.4,2026-09-10,mock
P46R,-64.6486,1.2869,85.3,14.7,5.8,0.359,235.5,2026-09-10,mock
M16S,-71.7283,-27.1722,1324.9,64.9,20.4,0.317,131.7,2026-09-10,mock
T97T,-67.7534,-68.9033,119.6,17.5,6.8,0.318,100.7,2026-09-10,mock
E35T,-67.2134,-67.2996,566.1,47.3,12.0,0.245,131.6,2026-09-10,mock
E87Q,-65.6861,-84.2924,68.0,14.6,4.7,0.331,187.0,2026-09-10,mock
K74Q,-69.8203,-6.908,252.1,31.6,8.0,0.309,107.7,2026-09-10,mock
N84J,-64.8015,-68.6123,717.6,32.5,22.1,0.166,39.5,2026-09-10,mock
Y84S,-70.8123,-69.037,947.6,51.6,18.4,0.143,236.0,2026-09-10,mock
E97H,-59.586,8.2057,264.1,27.7,9.5,0.267,302.8,2026-09-10,mock
G62Q,-74.4743,-19.0844,294.3,26.6,11.0,0.197,148.7,2026-09-10,mock
R51V,-73.6852,-81.0518,1274.1,63.6,20.0,0.297,186.7,2026-09-10,mock
Y97U,-72.1452,55.2126,268.0,31.6,8.5,0.17,127.5,2026-09-10,mock
J46W,-72.8669,-76.8977,296.5,24.1,12.3,0.245,81.0,2026-09-10,mock
J25S,-59.8976,5.3701,724.9,44.4,16.3,0.377,259.8,2026-09-10,mock
B46W,-69.7681,101.9728,597.9,36.1,16.6,0.321,52.7,2026-09-10,mock
R99I,-65.0364,-56.9287,392.1,31.4,12.5,0.121,193.9,2026-09-10,mock
H16D,-72.0077,-3.0733,366.5,23.8,15.4,0.367,81.2,2026-09-10,mock
F62U,-60.9971,-30.9279,1025.0,41.9,24.4,0.388,352.0,2026-09-10,mock
B21U,-61.9935,-121.129,979.3,56.5,17.3,0.151,102.7,2026-09-10,mock
F14M,-60.5778,-38.1394,1277.0,43.9,29.1,0.373,150.4,2026-09-10,mock
S87D,-74.8462,-67.1017,1443.6,73.7,19.6,0.357,3.3,2026-09-10,mock
Q69I,-60.9701,-126.8632,1483.8,63.0,23.6,0.223,337.9,2026-09-10,mock
K47S,-58.7119,0.6205,1099.4,57.0,19.3,0.302,5.1,2026-09-10,mock
C61V,-67.6272,80.3648,1285.7,68.8,18.7,0.339,185.5,2026-09-10,mock
Y44K,-66.6522,-65.9816,492.2,31.0,15.9,0.141,84.8,2026-09-10,mock
O49F,-65.6754,42.3863,399.7,29.7,13.4,0.133,240.4,2026-09-10,mock
J57T,-57.4393,-17.4068,1332.8,66.3,20.1,0.292,229.9,2026-09-10,mock
R70Y,-64.6087,-5.2929,238.2,27.8,8.6,0.262,149.7,2026-09-10,mock
Q67Q,-61.6801,-60.7319,1145.2,59.0,19.4,0.259,283.5,2026-09-10,mock
R29F,-62.4822,32.9173,177.2,24.8,7.1,0.366,72.8,2026-09-10,mock
O17O,-65.7551,93.8552,1023.6,56.7,18.0,0.221,323.6,2026-09-10,mock
M42A,-67.9675,-11.596,96.0,15.4,6.2,0.332,260.4,2026-09-10,mock
C70B,-63.921,7.5909,641.3,44.6,14.4,0.239,21.7,2026-09-10,mock
M67M,-67.4113,48.2692,1151.1,67.3,17.1,0.276,151.3,2026-09-10,mock
R60Q,-63.4975,-16.1757,1313.1,47.3,27.7,0.351,42.7,2026-09-10,mock
R64R,-65.8214,-18.6193,15.2,4.7,3.2,0.154,242.5,2026-09-10,mock
D14Z,-56.0664,-37.6746,525.8,32.6,16.1,0.378,261.0,2026-09-10,mock
B67T,-71.0076,98.0816,1326.8,44.2,30.0,0.122,36.3,2026-09-10,mock
Y17E,-68.1671,76.5603,1113.4,50.8,21.9,0.132,78.2,2026-09-10,mock
K40J,-59.7652,-78.4752,1375.4,61.6,22.3,0.252,278.1,2026-09-10,mock
X32U,-69.3674,-115.5936,339.4,26.5,12.8,0.071,341.5,2026-09-10,mock
K99N,-70.928,89.9686,1458.7,74.6,19.6,0.285,282.9,2026-09-10,mock
W28Z,-62.8078,-33.8062,1134.1,53.2,21.3,0.347,108.3,2026-09-10,mock
G52U,-68.2526,62.6716,1452.0,62.7,23.2,0.097,87.4,2026-09-10,mock
V87T,-59.2777,-44.786,147.8,21.6,6.8,0.117,96.6,2026-09-10,mock
K48A,-71.4638,-34.4551,1144.9,60.2,19.0,0.246,172.6,2026-09-10,mock
T36M,-57.4284,19.5623,184.8,27.2,6.8,0.218,87.3,2026-09-10,mock
L75P,-68.4067,-125.7515,431.8,32.7,13.2,0.277,111.0,2026-09-10,mock
N15S,-76.4139,75.2396,709.5,49.9,14.2,0.37,133.5,2026-09-10,mock
E35K,-61.3873,141.6777,398.6,38.9,10.2,0.253,150.3,2026-09-10,mock
P92X,-63.0016,15.7009,754.0,47.3,15.9,0.29,92.6,2026-09-10,mock
R92B,-72.7917,67.7832,534.7,30.3,17.6,0.241,66.3,2026-09-10,mock
U39C,-69.3618,-60.0991,1418.3,65.3,21.7,0.318,148.5,2026-09-10,mock
P94P,-64.5897,11.9616,689.5,32.8,21.0,0.273,336.2,2026-09-10,mock
A74W,-78.0,-23.5507,27.7,8.5,3.2,0.146,351.9,2026-09-10,mock
T77I,-70.8943,103.2914,277.1,32.2,8.6,0.234,86.7,2026-09-10,mock
W38J,-60.0556,161.1481,127.7,22.2,5.7,0.211,87.6,2026-09-10,mock
M80P,-66.9194,77.5185,1487.6,66.3,22.4,0.061,145.9,2026-09-10,mock
D77B,-73.8325,-19.0146,133.2,21.7,6.2,0.276,119.3,2026-09-10,mock
I79S,-64.6858,16.7435,1332.5,57.7,23.1,0.066,26.8,2026-09-10,mock
W60C,-74.871,102.963,478.6,43.1,11.1,0.255,270.8,2026-09-10,mock
Y27Z,-69.8755,32.4142,1253.6,53.5,23.4,0.364,119.4,2026-09-10,mock
K87Y,-58.8584,20.4238,1461.7,47.5,30.8,0.203,301.9,2026-09-10,mock
P39L,-55.0,-48.3989,1162.6,41.7,27.9,0.146,357.3,2026-09-10,mock
Z41W,-60.2886,-72.5446,1022.7,55.3,18.5,0.08,222.7,2026-09-10,mock
D21A,-67.6796,-65.5734,1070.4,55.9,19.2,0.309,114.0,2026-09-10,mock
Q62D,-67.0526,48.0404,162.3,16.2,10.0,0.201,200.5,2026-09-10,mock
N59Y,-78.0,-23.4734,899.4,54.8,16.4,0.352,4.4,2026-09-10,mock
F27I,-61.2516,-53.4139,1489.2,53.8,27.7,0.232,246.7,2026-09-10,mock
L42H,-68.8159,29.578,259.1,22.9,11.3,0.155,281.8,2026-09-10,mock
K89M,-59.8497,23.2142,301.4,22.3,13.5,0.157,341.6,2026-09-10,mock
J51T,-71.178,-81.9933,651.6,47.4,13.7,0.278,214.0,2026-09-10,mock
P83Z,-64.0915,14.8255,1447.2,75.1,19.3,0.152,250.2,2026-09-10,mock
R33V,-63.5411,-0.891,1180.9,51.3,23.0,0.376,71.9,2026-09-10,mock
W18Z,-74.299,-66.6099,697.8,46.7,15.0,0.203,104.9,2026-09-10,mock
Z58C,-75.7086,-80.2209,953.7,43.0,22.2,0.281,257.5,2026-09-10,mock
R14Z,-67.493,60.177,607.2,39.6,15.4,0.372,249.0,2026-09-10,mock
V55F,-67.2837,104.9689,894.8,57.8,15.5,0.088,89.4,2026-09-10,mock
Z65D,-69.0732,91.9966,971.1,53.5,18.1,0.388,119.4,2026-09-10,mock
L60O,-78.0,-33.44,1122.8,55.2,20.4,0.291,79.6,2026-09-10,mock
C24X,-73.0044,-74.4869,234.6,30.6,7.7,0.219,106.4,2026-09-10,mock
X99O,-69.6167,-15.008,1178.6,55.5,21.2,0.172,35.1,2026-09-10,mock
Z31X,-73.6283,81.9405,1069.1,39.8,26.8,0.17,39.4,2026-09-10,mock
U33F,-61.6401,7.2573,503.2,34.6,14.6,0.212,287.2,2026-09-10,mock
A37G,-68.6269,86.9675,1108.7,63.5,17.5,0.207,154.6,2026-09-10,mock
K35O,-63.9767,49.4619,103.2,13.0,7.9,0.355,67.3,2026-09-10,mock
S24L,-65.8765,-44.3209,796.3,48.3,16.5,0.259,220.1,2026-09-10,mock
C96E,-65.8448,99.1209,1222.5,61.7,19.8,0.154,221.2,2026-09-10,mock
E83M,-73.1214,89.7614,282.7,29.5,9.6,0.229,150.6,2026-09-10,mock
P46E,-62.4425,-26.035,1043.2,55.4,18.8,0.4,199.8,2026-09-10,mock
M81Q,-69.9542,-11.77,89.9,14.1,6.4,0.053,49.2,2026-09-10,mock
A38J,-70.2503,95.6409,629.3,47.0,13.4,0.221,29.8,2026-09-10,mock
R75D,-77.4515,-23.9717,260.6,25.3,10.3,0.31,275.7,2026-09-10,mock
X66R,-61.7579,-37.0466,1236.7,52.5,23.5,0.338,15.0,2026-09-10,mock
O43L,-56.9022,-6.2275,1246.8,63.6,19.6,0.154,359.8,2026-09-10,mock
S98L,-55.4327,150.4721,1491.0,70.3,21.2,0.133,291.9,2026-09-10,mock
B82L,-56.4925,156.2831,257.3,21.0,12.2,0.122,74.5,2026-09-10,mock
Q96D,-66.8891,-69.3369,492.2,39.1,12.6,0.151,96.2,2026-09-10,mock
E41E,-63.4723,-1.7293,1379.0,74.0,18.6,0.353,45.7,2026-09-10,mock
U63M,-62.879,12.8266,1266.9,53.9,23.5,0.1,227.7,2026-09-10,mock
L68P,-76.6448,69.638,1155.6,51.7,22.3,0.312,250.1,2026-09-10,mock
W55C,-68.4804,106.6672,1272.3,45.5,28.0,0.39,228.5,2026-09-10,mock
K80S,-74.4558,-88.6651,650.2,34.9,18.6,0.144,298.2,2026-09-10,mock
Z68A,-67.4386,-10.7399,522.2,39.9,13.1,0.067,35.8,2026-09-10,mock
E93J,-59.2057,-65.4605,690.2,52.4,13.2,0.2,358.4,2026-09-10,mock
U31B,-64.3558,0.9979,149.1,18.2,8.2,0.079,239.2,2026-09-10,mock
G71C,-58.044,-23.3203,1135.3,52.0,21.8,0.082,34.3,2026-09-10,mock
N98E,-67.1632,-9.7167,673.1,31.3,21.5,0.17,43.4,2026-09-10,mock
E58Y,-76.6917,57.2921,1098.8,42.5,25.9,0.16,317.2,2026-09-10,mock
U31O,-56.0684,141.2944,1489.5,50.7,29.4,0.236,3.1,2026-09-10,mock
C22E,-67.0757,99.4424,235.5,23.5,10.0,0.29,309.6,2026-09-10,mock
U20H,-78.0,-73.2997,533.8,35.7,15.0,0.327,89.2,2026-09-10,mock
J36Q,-63.69,-63.8646,434.5,40.7,10.7,0.059,304.9,2026-09-10,mock
P59D,-57.8048,-37.8647,450.4,26.4,17.1,0.364,343.7,2026-09-10,mock
E59S,-61.8042,8.5179,797.1,56.0,14.2,0.395,336.2,2026-09-10,mock
C11I,-60.6459,-24.6117,1146.5,66.5,17.2,0.32,6.0,2026-09-10,mock
N64W,-66.4017,-7.4859,1186.0,55.3,21.5,0.27,180.4,2026-09-10,mock
G29R,-63.4757,-29.0031,927.9,43.3,21.4,0.158,184.1,2026-09-10,mock
X40B,-70.3927,99.6288,1253.4,61.8,20.3,0.073,251.5,2026-09-10,mock
X32D,-65.9379,3.7345,685.5,44.2,15.5,0.158,267.0,2026-09-10,mock
X43F,-73.121,-19.055,254.1,31.3,8.1,0.233,281.9,2026-09-10,mock
Z64I,-73.0307,104.0337,410.5,38.7,10.6,0.32,10.6,2026-09-10,mock
P82F,-69.0613,-64.1303,869.2,37.2,23.4,0.209,129.6,2026-09-10,mock
A15A,-72.7269,103.7999,1342.5,63.7,21.1,0.09,266.7,2026-09-10,mock
Z93N,-66.3402,1.6193,1381.1,49.9,27.7,0.386,12.7,2026-09-10,mock
Q96B,-63.582,3.1877,1083.2,46.6,23.2,0.077,134.2,2026-09-10,mock
Y49K,-70.8681,-9.8268,78.4,13.5,5.8,0.357,311.8,2026-09-10,mock
O57S,-62.9691,-69.9609,309.0,29.0,10.6,0.156,224.2,2026-09-10,mock
N13H,-67.4221,69.0766,1101.4,54.3,20.3,0.329,54.2,2026-09-10,mock
X49D,-66.2358,-60.3128,1317.0,71.2,18.5,0.051,236.6,2026-09-10,mock
C15H,-61.5019,-2.155,743.1,34.0,21.8,0.399,256.2,2026-09-10,mock
Q27U,-62.345,-123.0083,1344.4,57.4,23.4,0.312,209.1,2026-09-10,mock
K60W,-59.6565,155.0569,102.8,17.5,5.9,0.096,105.0,2026-09-10,mock
S23E,-56.2465,146.8417,415.2,25.7,16.2,0.121,280.8,2026-09-10,mock
J69I,-66.8563,-56.2183,615.7,40.4,15.2,0.388,74.7,2026-09-10,mock
K28C,-62.4009,142.0285,1032.2,59.8,17.3,0.294,14.5,2026-09-10,mock
A61O,-63.6178,16.0723,775.1,48.5,16.0,0.141,356.6,2026-09-10,mock
Y38E,-62.2192,-78.0044,698.4,48.7,14.3,0.099,4.3,2026-09-10,mock
C12C,-58.5633,1.8672,949.1,52.9,18.0,0.254,93.2,2026-09-10,mock
B69B,-57.775,4.0029,201.9,27.3,7.4,0.34,119.4,2026-09-10,mock
L37F,-63.8587,-12.3053,1089.4,52.7,20.7,0.184,153.6,2026-09-10,mock
N80P,-68.7015,51.7027,61.6,13.3,4.6,0.136,106.2,2026-09-10,mock
Z79Z,-78.0,-28.6095,634.7,43.2,14.7,0.329,89.7,2026-09-10,mock
Q51M,-70.306,-16.6425,545.1,38.2,14.3,0.22,328.6,2026-09-10,mock
P77L,-69.7018,34.7663,336.3,35.1,9.6,0.322,21.1,2026-09-10,mock
Z17Y,-73.9601,-88.2171,247.8,22.0,11.3,0.134,192.1,2026-09-10,mock
H85K,-61.0431,20.1799,588.7,47.3,12.5,0.397,62.5,2026-09-10,mock
E82G,-72.4189,-84.4365,891.4,52.6,16.9,0.173,204.4,2026-09-10,mock
H87H,-55.0,163.7488,743.4,39.5,18.8,0.222,32.5,2026-09-10,mock
Z51B,-74.9355,-40.0795,1377.7,50.5,27.3,0.096,258.1,2026-09-10,mock
C57W,-78.0,-18.9591,221.1,19.2,11.5,0.234,131.4,2026-09-10,mock
Z91P,-71.244,78.131,459.6,28.1,16.4,0.105,341.5,2026-09-10,mock
V85F,-72.0272,96.3155,847.3,55.6,15.2,0.265,128.5,2026-09-10,mock
M82B,-61.2318,-24.445,199.7,25.2,7.9,0.382,341.5,2026-09-10,mock
E52X,-67.0761,2.3311,1451.6,52.5,27.7,0.248,337.2,2026-09-10,mock
U52O,-66.12,-40.7286,260.2,30.8,8.5,0.081,255.2,2026-09-10,mock
M66X,-77.5479,-32.6138,111.0,14.8,7.5,0.088,0.5,2026-09-10,mock
P83U,-55.0,-18.5634,744.7,41.0,18.2,0.241,36.5,2026-09-10,mock
D19K,-72.9284,-90.3203,119.8,20.5,5.8,0.153,114.7,2026-09-10,mock
T71W,-64.2207,-20.4729,121.8,21.6,5.6,0.392,121.7,2026-09-10,mock
G62W,-75.8868,-20.4909,914.9,46.8,19.5,0.069,119.2,2026-09-10,mock
S80P,-62.4796,-63.6008,405.2,28.7,14.1,0.133,17.9,2026-09-10,mock
D13G,-72.555,-25.1855,140.6,22.0,6.4,0.269,172.9,2026-09-10,mock
V43C,-66.7181,4.0117,715.6,34.6,20.7,0.325,169.5,2026-09-10,mock
O43H,-69.7587,80.6464,1329.4,54.5,24.4,0.206,94.8,2026-09-10,mock
R62Y,-60.9144,139.1492,1130.8,58.3,19.4,0.08,123.8,2026-09-10,mock
P83H,-60.6249,-58.4705,586.8,39.2,15.0,0.388,247.3,2026-09-10,mock
S96T,-74.4115,57.6441,1282.4,44.0,29.2,0.25,186.1,2026-09-10,mock
E15N,-71.8972,-2.5843,267.6,32.5,8.2,0.39,291.0,2026-09-10,mock
X18C,-58.6172,-57.1382,1495.9,65.8,22.7,0.342,92.8,2026-09-10,mock
W89S,-58.7364,-28.5384,1286.4,58.0,22.2,0.371,4.5,2026-09-10,mock
D23S,-61.8831,-82.1244,233.0,25.2,9.2,0.254,347.3,2026-09-10,mock
P83T,-78.0,-86.6172,808.1,41.9,19.3,0.194,137.9,2026-09-10,mock
K98H,-77.0253,54.0624,224.3,25.3,8.9,0.293,14.0,2026-09-10,mock
I72W,-72.7425,-12.475,1346.6,44.6,30.2,0.336,109.1,2026-09-10,mock
I63T,-74.2178,101.167,210.2,28.7,7.3,0.205,297.3,2026-09-10,mock
L17Q,-74.3071,88.3515,1371.0,56.5,24.3,0.22,185.9,2026-09-10,mock
A32G,-78.0,-85.8663,765.1,36.2,21.1,0.348,316.6,2026-09-10,mock
I57O,-62.4707,-110.2907,381.7,30.6,12.5,0.371,253.7,2026-09-10,mock
P85R,-65.7306,-57.8078,1024.9,44.6,23.0,0.221,160.6,2026-09-10,mock
B30S,-70.8575,105.7296,395.4,37.1,10.7,0.082,9.9,2026-09-10,mock
A97A,-70.1508,-69.4867,974.6,54.4,17.9,0.144,147.4,2026-09-10,mock
J92I,-68.2848,65.2211,905.7,36.3,24.9,0.138,289.8,2026-09-10,mock
T60S,-55.3452,-19.5524,693.9,36.2,19.2,0.156,187.4,2026-09-10,mock
J48V,-68.4265,-40.2171,1450.1,71.3,20.3,0.247,213.8,2026-09-10,mock
U48G,-63.6826,-60.1115,422.0,30.0,14.1,0.147,236.2,2026-09-10,mock
K97E,-67.9271,-18.0909,94.6,18.3,5.2,0.334,145.5,2026-09-10,mock
S83G,-65.8454,20.3212,450.5,40.9,11.0,0.192,265.2,2026-09-10,mock
Q48F,-67.0345,87.2709,806.6,51.9,15.5,0.367,241.9,2026-09-10,mock
R33V,-57.0239,154.0474,447.7,33.4,13.4,0.309,261.1,2026-09-10,mock
K57I,-67.4437,-132.721,539.4,41.7,12.9,0.157,283.7,2026-09-10,mock
C70G,-59.9595,-34.7636,711.1,50.5,14.1,0.254,339.9,2026-09-10,mock
G53N,-68.5018,-65.0791,799.5,43.3,18.5,0.355,54.3,2026-09-10,mock
K90F,-55.0,-30.7005,223.4,28.2,7.9,0.113,29.1,2026-09-10,mock
P21E,-67.955,80.7414,417.6,37.0,11.3,0.109,275.2,2026-09-10,mock
X57A,-58.5629,-47.4177,649.2,40.3,16.1,0.052,192.2,2026-09-10,mock
W54J,-67.5779,-110.4031,294.0,29.9,9.8,0.269,89.6,2026-09-10,mock
O76T,-72.0729,-10.1999,466.1,27.0,17.2,0.066,341.4,2026-09-10,mock
G31Z,-66.3216,-58.8608,1493.3,57.0,26.2,0.365,129.3,2026-09-10,mock
D56W,-64.1088,-38.3704,1477.5,52.6,28.1,0.058,181.7,2026-09-10,mock
B94D,-67.2787,86.3558,964.1,56.4,17.1,0.268,213.8,2026-09-10,mock
W29G,-66.8388,76.5471,182.5,21.0,8.7,0.093,91.0,2026-09-10,mock
W27N,-59.2426,5.6791,637.1,32.3,19.7,0.232,224.2,2026-09-10,mock
T35Y,-55.0,152.6475,930.4,43.5,21.4,0.325,179.2,2026-09-10,mock
G98P,-63.185,54.3936,543.3,35.6,15.3,0.106,197.3,2026-09-10,mock
C75C,-71.9549,80.9825,142.6,15.4,9.3,0.251,177.9,2026-09-10,mock
B22F,-58.8642,32.5434,970.1,48.8,19.9,0.392,95.1,2026-09-10,mock
Y15A,-63.2056,146.017,1204.4,50.3,23.9,0.308,34.2,2026-09-10,mock
X21L,-62.2161,156.716,499.7,42.8,11.7,0.384,96.6,2026-09-10,mock
P63U,-60.1728,140.715,606.4,38.5,15.7,0.342,248.4,2026-09-10,mock
N85P,-62.8309,-132.0083,1047.3,40.4,26.0,0.38,57.4,2026-09-10,mock
X26P,-74.1106,-82.0551,920.9,55.3,16.6,0.264,310.5,2026-09-10,mock
V77Y,-65.9188,-108.7722,666.6,32.3,20.6,0.279,4.4,2026-09-10,mock
W89D,-60.3335,22.3504,1467.1,66.5,22.1,0.168,188.3,2026-09-10,mock
R88B,-57.6829,-37.6427,525.2,39.9,13.2,0.185,302.1,2026-09-10,mock
P51H,-73.766,-35.3922,1274.8,67.2,19.0,0.354,27.0,2026-09-10,mock
O66Z,-64.5985,82.1105,341.8,31.7,10.8,0.191,84.6,2026-09-10,mock
D61N,-58.419,-34.6023,676.1,33.7,20.1,0.224,235.2,2026-09-10,mock
Q81G,-74.6287,-40.0949,145.4,20.3,7.2,0.267,109.7,2026-09-10,mock
R89T,-68.4853,103.6107,551.4,29.2,18.9,0.128,163.6,2026-09-10,mock
L91Z,-70.2334,56.6988,684.3,33.4,20.5,0.281,0.8,2026-09-10,mock
X62D,-66.0231,36.4167,168.4,24.9,6.8,0.222,295.9,2026-09-10,mock
W53D,-65.3915,30.8263,1396.0,56.6,24.7,0.21,281.3,2026-09-10,mock
V85Q,-75.6553,-67.4012,1257.8,59.3,21.2,0.32,162.2,2026-09-10,mock
Q32W,-63.4615,-25.1699,1107.0,54.7,20.3,0.201,210.6,2026-09-10,mock
M63T,-61.1635,-35.8427,164.3,22.1,7.4,0.262,115.9,2026-09-10,mock
E62T,-63.8748,-127.9528,602.8,36.2,16.7,0.153,289.7,2026-09-10,mock
R90G,-57.2356,20.7688,1266.2,58.3,21.7,0.16,265.3,2026-09-10,mock
F74R,-64.7029,12.1315,1033.1,62.3,16.6,0.096,255.7,2026-09-10,mock
W63V,-59.7312,26.7106,1143.6,55.8,20.5,0.254,339.4,2026-09-10,mock
M28B,-57.1613,21.4171,1317.4,55.8,23.6,0.054,38.3,2026-09-10,mock
B98Z,-74.634,83.1093,1180.4,68.3,17.3,0.289,52.7,2026-09-10,mock
R38X,-69.46,41.4352,544.4,36.4,14.9,0.266,243.2,2026-09-10,mock
M59N,-69.5873,82.2279,1178.6,63.1,18.7,0.151,239.2,2026-09-10,mock
Y66H,-70.0418,-85.8204,832.7,34.9,23.8,0.138,223.4,2026-09-10,mock
X34J,-64.4621,-114.1136,557.9,39.5,14.1,0.308,70.7,2026-09-10,mock
N45R,-75.6257,66.2798,288.6,22.7,12.7,0.23,135.8,2026-09-10,mock
E51T,-70.1993,42.7196,390.0,28.9,13.5,0.298,55.7,2026-09-10,mock
C50Q,-72.4634,-21.339,1266.3,51.3,24.7,0.326,198.1,2026-09-10,mock
L38G,-57.2301,6.3182,1181.5,45.6,25.9,0.24,145.2,2026-09-10,mock
Y93A,-71.8812,85.9239,335.5,33.0,10.2,0.236,358.8,2026-09-10,mock
V51M,-61.8106,-56.83,1357.7,62.3,21.8,0.267,345.2,2026-09-10,mock
Y57Q,-62.8379,-131.9988,392.3,35.2,11.1,0.059,186.1,2026-09-10,mock
D31Y,-74.7126,-80.5959,451.7,36.6,12.3,0.162,29.6,2026-09-10,mock
D36R,-64.3679,-66.692,324.1,30.7,10.6,0.125,246.7,2026-09-10,mock
E13O,-56.5726,166.5867,1165.1,58.6,19.9,0.379,268.9,2026-09-10,mock
H43N,-62.7828,8.0256,90.9,17.5,5.2,0.245,207.0,2026-09-10,mock
X89C,-59.7887,-32.9666,481.4,33.2,14.5,0.091,2.1,2026-09-10,mock
V48T,-72.3405,-93.8345,1273.9,53.0,24.0,0.226,104.3,2026-09-10,mock
H27X,-65.6848,-42.3993,578.3,44.7,12.9,0.061,56.3,2026-09-10,mock
Z92L,-56.3323,-19.616,449.5,36.2,12.4,0.154,319.3,2026-09-10,mock
C49G,-74.6648,-23.4479,193.6,16.8,11.6,0.259,193.4,2026-09-10,mock
F38T,-58.6857,27.1781,325.5,34.7,9.4,0.348,51.3,2026-09-10,mock
R69U,-61.0726,140.7387,1009.8,52.6,19.2,0.069,270.4,2026-09-10,mock
L26V,-68.9686,-65.3494,383.5,26.6,14.4,0.253,342.6,2026-09-10,mock
V49W,-72.8547,83.6541,114.0,14.5,7.9,0.22,118.2,2026-09-10,mock
Z38W,-61.3761,-43.2941,1213.5,68.5,17.7,0.109,112.8,2026-09-10,mock
O55Y,-59.6916,13.7004,545.6,40.7,13.4,0.166,172.8,2026-09-10,mock
R35I,-66.6303,28.465,971.9,39.5,24.6,0.148,297.5,2026-09-10,mock
S84M,-57.2366,7.6939,122.3,13.4,9.1,0.228,11.2,2026-09-10,mock
Y29L,-73.8996,-68.0109,831.9,47.2,17.6,0.4,170.0,2026-09-10,mock
M56Q,-62.0669,-21.9357,1102.5,47.6,23.2,0.213,183.7,2026-09-10,mock
O30F,-73.5732,-14.6605,1211.7,58.9,20.6,0.108,185.1,2026-09-10,mock
H72H,-55.0,-40.5176,1451.9,68.2,21.3,0.219,129.2,2026-09-10,mock
O15B,-65.8564,-63.1794,1006.2,51.2,19.6,0.327,139.7,2026-09-10,mock
R82F,-71.9593,96.2121,786.8,52.3,15.1,0.342,94.8,2026-09-10,mock
H76M,-57.7632,-34.1411,983.5,58.6,16.8,0.231,135.5,2026-09-10,mock
O31H,-66.1276,90.951,1191.1,65.9,18.1,0.052,317.5,2026-09-10,mock
V39N,-63.3546,-61.7757,233.9,20.3,11.5,0.261,294.1,2026-09-10,mock
N12H,-76.4978,-91.7998,1016.1,50.5,20.1,0.257,233.0,2026-09-10,mock
F43F,-78.0,-22.3296,210.7,23.4,9.0,0.362,52.9,2026-09-10,mock
J20G,-60.1176,-67.5193,849.8,35.4,24.0,0.302,238.2,2026-09-10,mock
S33T,-71.3347,59.9424,727.7,37.1,19.6,0.194,51.4,2026-09-10,mock
M59E,-70.092,80.1317,1031.5,62.2,16.6,0.259,24.8,2026-09-10,mock
F70T,-68.3344,-54.5187,1364.9,64.6,21.1,0.339,218.0,2026-09-10,mock
T79A,-62.5096,-36.784,760.0,35.7,21.3,0.219,46.9,2026-09-10,mock
N39Z,-61.4227,-115.0432,652.9,39.3,16.6,0.356,251.2,2026-09-10,mock
D64E,-69.5044,57.2371,887.7,53.4,16.6,0.317,250.8,2026-09-10,mock
G10W,-66.7286,32.1754,1290.0,51.2,25.2,0.357,147.1,2026-09-10,mock
K62L,-58.2058,22.7396,185.6,16.4,11.3,0.279,247.6,2026-09-10,mock
I97M,-66.9522,-50.6527,387.9,37.1,10.5,0.198,131.6,2026-09-10,mock
J83L,-77.7631,-78.6369,840.8,38.9,21.6,0.246,174.2,2026-09-10,mock
W30D,-72.7451,-73.1265,1283.9,61.9,20.7,0.312,160.8,2026-09-10,mock
M91A,-61.7166,14.2824,1203.3,58.7,20.5,0.29,18.7,2026-09-10,mock
C87B,-78.0,-90.8401,1389.5,57.7,24.1,0.072,79.8,2026-09-10,mock
Y32U,-62.2567,34.9334,924.8,49.2,18.8,0.299,215.1,2026-09-10,mock
T75Q,-73.0103,51.8512,988.8,58.0,17.1,0.15,12.1,2026-09-10,mock
I61L,-63.7833,10.4845,63.7,11.1,5.7,0.05,56.7,2026-09-10,mock
J81S,-71.2486,92.6824,781.4,50.0,15.6,0.074,32.5,2026-09-10,mock
A43F,-70.8252,105.0654,347.2,36.7,9.5,0.209,145.4,2026-09-10,mock
I78Z,-59.2376,-28.3411,759.7,40.6,18.7,0.091,184.8,2026-09-10,mock
Y68V,-60.3986,-47.0169,571.8,37.9,15.1,0.135,122.3,2026-09-10,mock
H96W,-68.4348,71.6607,728.1,37.9,19.2,0.184,283.9,2026-09-10,mock
J21M,-58.7984,3.0728,536.1,37.7,14.2,0.295,94.8,2026-09-10,mock
S44F,-67.7121,85.3598,836.3,38.8,21.5,0.16,78.7,2026-09-10,mock
G39G,-59.2689,32.6978,753.5,37.3,20.2,0.307,314.2,2026-09-10,mock
V73T,-61.103,155.8579,242.4,20.0,12.1,0.372,243.3,2026-09-10,mock
S45P,-72.5576,-23.8558,73.0,13.5,5.4,0.267,177.2,2026-09-10,mock
Z64P,-63.2561,2.1802,427.6,28.5,15.0,0.252,19.5,2026-09-10,mock
Q68K,-69.3744,-75.0813,1292.0,65.4,19.7,0.21,43.3,2026-09-10,mock
F80I,-66.0158,25.6231,575.3,30.7,18.7,0.177,310.3,2026-09-10,mock
Y57L,-64.1059,19.4558,521.2,30.8,16.9,0.198,150.9,2026-09-10,mock
X44Z,-59.5941,150.8219,861.4,58.2,14.8,0.29,293.1,2026-09-10,mock
A32N,-61.2466,16.3893,302.1,32.0,9.4,0.308,170.3,2026-09-10,mock
